timestamp_s,latitude,longitude,altitude(m),heading_deg
0.000,18.5204024,73.8566792,1.771,90.0
0.100,18.5204022,73.8566787,1.858,90.0
0.200,18.5204016,73.8566790,1.903,90.0
0.300,18.5204023,73.8566793,1.931,90.0
0.400,18.5204027,73.8566807,1.947,90.0
0.500,18.5204035,73.8566815,2.044,90.0
0.600,18.5204033,73.8566818,2.131,90.0
0.700,18.5204037,73.8566812,2.209,90.0
0.800,18.5204030,73.8566820,2.319,90.0
0.900,18.5204029,73.8566826,2.337,90.0
1.000,18.5204032,73.8566829,2.367,90.0
1.100,18.5204023,73.8566832,2.415,90.0
1.200,18.5204022,73.8566840,2.485,90.0
1.300,18.5204033,73.8566853,2.558,90.0
1.400,18.5204026,73.8566848,2.561,90.0
1.500,18.5204032,73.8566848,2.582,90.0
1.600,18.5204030,73.8566859,2.684,90.0
1.700,18.5204025,73.8566862,2.699,90.0
1.800,18.5204027,73.8566868,2.748,90.0
1.900,18.5204025,73.8566859,2.811,90.0
2.000,18.5204019,73.8566864,2.821,90.0
2.100,18.5204032,73.8566866,2.881,90.0
2.200,18.5204039,73.8566868,2.921,90.0
2.300,18.5204035,73.8566865,2.964,90.0
2.400,18.5204029,73.8566857,3.028,90.0
2.500,18.5204019,73.8566866,3.077,90.0
2.600,18.5204010,73.8566858,3.094,90.0
2.700,18.5204007,73.8566846,3.162,90.0
2.800,18.5204019,73.8566858,3.227,90.0
2.900,18.5204013,73.8566847,3.214,90.0
3.000,18.5204009,73.8566846,3.196,90.0
3.100,18.5204023,73.8566838,3.208,90.0
3.200,18.5204012,73.8566842,3.226,90.0
3.300,18.5204017,73.8566836,3.291,90.0
3.400,18.5204010,73.8566833,3.298,90.0
3.500,18.5204016,73.8566843,3.301,90.0
3.600,18.5204015,73.8566853,3.331,90.0
3.700,18.5204007,73.8566855,3.335,90.0
3.800,18.5204006,73.8566857,3.394,90.0
3.900,18.5204006,73.8566869,3.371,90.0
4.000,18.5204007,73.8566870,3.405,90.0
4.100,18.5204019,73.8566862,3.360,90.0
4.200,18.5204020,73.8566881,3.383,90.0
4.300,18.5204025,73.8566893,3.342,90.0
4.400,18.5204027,73.8566891,3.343,90.0
4.500,18.5204039,73.8566890,3.347,90.0
4.600,18.5204040,73.8566897,3.333,90.0
4.700,18.5204037,73.8566901,3.261,90.0
4.800,18.5204035,73.8566900,3.256,90.0
4.900,18.5204021,73.8566899,3.247,90.0
5.000,18.5204021,73.8566905,3.243,90.0
5.100,18.5204013,73.8566904,3.198,90.0
5.200,18.5204015,73.8566917,3.165,90.0
5.300,18.5204022,73.8566916,3.091,90.0
5.400,18.5204020,73.8566908,3.059,90.0
5.500,18.5204017,73.8566916,3.034,90.0
5.600,18.5204006,73.8566903,2.983,90.0
5.700,18.5204008,73.8566911,2.933,90.0
5.800,18.5204011,73.8566925,2.875,90.0
5.900,18.5204007,73.8566928,2.827,90.0
6.000,18.5204004,73.8566922,2.810,90.0
6.100,18.5203983,73.8566923,2.767,90.0
6.200,18.5203997,73.8566927,2.702,90.0
6.300,18.5204002,73.8566938,2.680,90.0
6.400,18.5204002,73.8566939,2.584,90.0
6.500,18.5204005,73.8566930,2.526,90.0
6.600,18.5204004,73.8566921,2.433,90.0
6.700,18.5204004,73.8566917,2.402,90.0
6.800,18.5204011,73.8566933,2.333,90.0
6.900,18.5204023,73.8566939,2.279,90.0
7.000,18.5204020,73.8566934,2.193,90.0
7.100,18.5204014,73.8566943,2.197,90.0
7.200,18.5204012,73.8566946,2.089,90.0
7.300,18.5204013,73.8566958,1.980,90.0
7.400,18.5204005,73.8566968,1.952,90.0
7.500,18.5204010,73.8566967,1.861,90.0
7.600,18.5204001,73.8566977,1.848,90.0
7.700,18.5204002,73.8566983,1.770,90.0
7.800,18.5203993,73.8566984,1.691,90.0
7.900,18.5203992,73.8566994,1.612,90.0
8.000,18.5203969,73.8566991,1.579,90.0
8.100,18.5203969,73.8566998,1.519,90.0
8.200,18.5203959,73.8566999,1.413,90.0
8.300,18.5203955,73.8567012,1.380,90.0
8.400,18.5203959,73.8567013,1.303,90.0
8.500,18.5203956,73.8567000,1.261,90.0
8.600,18.5203971,73.8567001,1.238,90.0
8.700,18.5203982,73.8567000,1.182,90.0
8.800,18.5203969,73.8566996,1.137,90.0
8.900,18.5203970,73.8566993,1.105,90.0
9.000,18.5203968,73.8566986,1.083,90.0
9.100,18.5203967,73.8566980,0.975,90.0
9.200,18.5203975,73.8566981,0.943,90.0
9.300,18.5203994,73.8566980,0.855,90.0
9.400,18.5203988,73.8566983,0.820,90.0
9.500,18.5203981,73.8566988,0.768,90.0
9.600,18.5203970,73.8566985,0.703,90.0
9.700,18.5203974,73.8566985,0.659,90.0
9.800,18.5203984,73.8566992,0.612,90.0
9.900,18.5203990,73.8567002,0.609,90.0
10.000,18.5203979,73.8567008,0.565,90.0
10.100,18.5203976,73.8567005,0.520,90.0
10.200,18.5203975,73.8567008,0.434,90.0
10.300,18.5203974,73.8567008,0.415,90.0
10.400,18.5203967,73.8566999,0.345,90.0
10.500,18.5203963,73.8567008,0.287,90.0
10.600,18.5203961,73.8567015,0.270,90.0
10.700,18.5203950,73.8567021,0.243,90.0
10.800,18.5203953,73.8567020,0.249,90.0
10.900,18.5203938,73.8567009,0.240,90.0
11.000,18.5203939,73.8567011,0.257,90.0
11.100,18.5203934,73.8567003,0.214,90.0
11.200,18.5203935,73.8567011,0.211,90.0
11.300,18.5203946,73.8567013,0.167,90.0
11.400,18.5203957,73.8567011,0.117,90.0
11.500,18.5203962,73.8567014,0.083,90.0
11.600,18.5203955,73.8567024,0.087,90.0
11.700,18.5203954,73.8567019,0.060,90.0
11.800,18.5203959,73.8567023,0.068,90.0
11.900,18.5203965,73.8567031,0.097,90.0
12.000,18.5203977,73.8567042,0.085,90.0
12.100,18.5203984,73.8567034,0.114,90.0
12.200,18.5203981,73.8567033,0.102,90.0
12.300,18.5203981,73.8567029,0.067,90.0
12.400,18.5203969,73.8567036,0.110,90.0
12.500,18.5203970,73.8567053,0.068,90.0
12.600,18.5203956,73.8567061,0.012,90.0
12.700,18.5203945,73.8567055,0.001,90.0
12.800,18.5203935,73.8567054,0.030,90.0
12.900,18.5203937,73.8567063,0.040,90.0
13.000,18.5203943,73.8567071,0.004,90.0
13.100,18.5203946,73.8567071,0.022,90.0
13.200,18.5203941,73.8567059,0.098,90.0
13.300,18.5203926,73.8567058,0.141,90.0
13.400,18.5203930,73.8567068,0.213,90.0
13.500,18.5203935,73.8567072,0.227,90.0
13.600,18.5203936,73.8567070,0.278,90.0
13.700,18.5203942,73.8567068,0.335,90.0
13.800,18.5203958,73.8567072,0.413,90.0
13.900,18.5203946,73.8567070,0.419,90.0
14.000,18.5203943,73.8567059,0.458,90.0
14.100,18.5203938,73.8567068,0.482,90.0
14.200,18.5203929,73.8567077,0.538,90.0
14.300,18.5203920,73.8567087,0.540,90.0
14.400,18.5203927,73.8567083,0.553,90.0
14.500,18.5203930,73.8567088,0.576,90.0
14.600,18.5203933,73.8567089,0.645,90.0
14.700,18.5203931,73.8567103,0.744,90.0
14.800,18.5203926,73.8567100,0.759,90.0
14.900,18.5203923,73.8567103,0.782,90.0
15.000,18.5203929,73.8567110,0.829,90.0
15.100,18.5203940,73.8567115,0.945,90.0
15.200,18.5203926,73.8567109,1.013,90.0
15.300,18.5203923,73.8567112,1.057,90.0
15.400,18.5203928,73.8567108,1.113,90.0
15.500,18.5203926,73.8567109,1.181,90.0
15.600,18.5203922,73.8567114,1.271,90.0
15.700,18.5203913,73.8567118,1.314,90.0
15.800,18.5203913,73.8567120,1.357,90.0
15.900,18.5203915,73.8567132,1.389,90.0
16.000,18.5203918,73.8567121,1.479,90.0
16.100,18.5203916,73.8567120,1.531,90.0
