frame_index,timestamp_s,source_video,frame_path,blur_score,exposure_score,redundancy_score,composite_score,selected_automatically,override,selected
0,0.0,video_20260825_154043.mp4,preprocessing/candidates/frame_000000.jpg,0.224829,0.863748,0.229855,0.418012,True,NONE,True
4,0.133278,video_20260825_154043.mp4,preprocessing/candidates/frame_000004.jpg,0.067937,0.864116,0.153555,0.332476,False,NONE,False
8,0.266556,video_20260825_154043.mp4,preprocessing/candidates/frame_000008.jpg,0.133057,0.86458,0.040829,0.324846,False,NONE,False
12,0.399844,video_20260825_154043.mp4,preprocessing/candidates/frame_000012.jpg,0.143482,0.864555,0.037225,0.327927,False,NONE,False
16,0.533122,video_20260825_154043.mp4,preprocessing/candidates/frame_000016.jpg,0.156307,0.862911,0.121397,0.357815,False,NONE,False
20,0.6664,video_20260825_154043.mp4,preprocessing/candidates/frame_000020.jpg,0.131577,0.862491,0.180134,0.365418,False,NONE,False
24,0.799678,video_20260825_154043.mp4,preprocessing/candidates/frame_000024.jpg,0.11026,0.861412,0.1017,0.333037,False,NONE,False
28,0.932956,video_20260825_154043.mp4,preprocessing/candidates/frame_000028.jpg,0.15185,0.861307,0.034507,0.329484,False,NONE,False
32,1.066244,video_20260825_154043.mp4,preprocessing/candidates/frame_000032.jpg,0.142431,0.860217,0.0,0.315038,False,NONE,False
36,1.199522,video_20260825_154043.mp4,preprocessing/candidates/frame_000036.jpg,0.179053,0.860183,0.099834,0.359626,False,NONE,False
40,1.3328,video_20260825_154043.mp4,preprocessing/candidates/frame_000040.jpg,0.148398,0.860321,0.289888,0.404422,False,NONE,False
44,1.466078,video_20260825_154043.mp4,preprocessing/candidates/frame_000044.jpg,0.103178,0.861331,0.324585,0.397046,False,NONE,False
48,1.599356,video_20260825_154043.mp4,preprocessing/candidates/frame_000048.jpg,0.176829,0.86304,0.315845,0.424397,True,NONE,True
52,1.732644,video_20260825_154043.mp4,preprocessing/candidates/frame_000052.jpg,0.112561,0.863605,0.291808,0.391648,False,NONE,False
56,1.865922,video_20260825_154043.mp4,preprocessing/candidates/frame_000056.jpg,0.132498,0.865,0.322576,0.409272,False,NONE,False
60,1.9992,video_20260825_154043.mp4,preprocessing/candidates/frame_000060.jpg,0.085672,0.866035,0.388332,0.410579,True,NONE,True
64,2.132478,video_20260825_154043.mp4,preprocessing/candidates/frame_000064.jpg,0.086415,0.864609,0.357186,0.401105,False,NONE,False
68,2.265756,video_20260825_154043.mp4,preprocessing/candidates/frame_000068.jpg,0.028745,0.850081,0.35168,0.372026,False,NONE,False
72,2.399044,video_20260825_154043.mp4,preprocessing/candidates/frame_000072.jpg,0.134064,0.850466,0.398255,0.428242,True,NONE,True
76,2.532322,video_20260825_154043.mp4,preprocessing/candidates/frame_000076.jpg,0.114228,0.839544,0.404539,0.418916,True,NONE,True
80,2.6656,video_20260825_154043.mp4,preprocessing/candidates/frame_000080.jpg,0.039581,0.839935,0.416614,0.392797,False,NONE,False
84,2.798878,video_20260825_154043.mp4,preprocessing/candidates/frame_000084.jpg,0.000943,0.841462,0.392897,0.370685,False,NONE,False
88,2.932156,video_20260825_154043.mp4,preprocessing/candidates/frame_000088.jpg,0.0,0.844424,0.366458,0.363264,False,NONE,False
92,3.065444,video_20260825_154043.mp4,preprocessing/candidates/frame_000092.jpg,0.057958,0.844042,0.387469,0.392637,False,NONE,False
96,3.198722,video_20260825_154043.mp4,preprocessing/candidates/frame_000096.jpg,0.153098,0.840966,0.398469,0.433069,True,NONE,True
100,3.332,video_20260825_154043.mp4,preprocessing/candidates/frame_000100.jpg,0.135736,0.836113,0.471369,0.446539,True,NONE,True
104,3.465278,video_20260825_154043.mp4,preprocessing/candidates/frame_000104.jpg,0.076157,0.829134,0.529632,0.438093,True,NONE,True
108,3.598556,video_20260825_154043.mp4,preprocessing/candidates/frame_000108.jpg,0.050904,0.826168,0.455958,0.404999,False,NONE,False
112,3.731844,video_20260825_154043.mp4,preprocessing/candidates/frame_000112.jpg,0.056494,0.816538,0.444008,0.400762,False,NONE,False
116,3.865122,video_20260825_154043.mp4,preprocessing/candidates/frame_000116.jpg,0.072343,0.822037,0.479222,0.419315,True,NONE,True
120,3.9984,video_20260825_154043.mp4,preprocessing/candidates/frame_000120.jpg,0.076265,0.82395,0.553121,0.443627,True,NONE,True
124,4.131678,video_20260825_154043.mp4,preprocessing/candidates/frame_000124.jpg,0.12217,0.824537,0.623821,0.483376,True,NONE,True
128,4.264956,video_20260825_154043.mp4,preprocessing/candidates/frame_000128.jpg,0.014764,0.830563,0.601558,0.435542,True,NONE,True
132,4.398244,video_20260825_154043.mp4,preprocessing/candidates/frame_000132.jpg,0.363164,0.809807,0.521477,0.544651,True,NONE,True
136,4.531522,video_20260825_154043.mp4,preprocessing/candidates/frame_000136.jpg,0.27407,0.785707,0.489321,0.492137,True,NONE,True
140,4.6648,video_20260825_154043.mp4,preprocessing/candidates/frame_000140.jpg,0.36651,0.769651,0.53279,0.537336,True,NONE,True
144,4.798078,video_20260825_154043.mp4,preprocessing/candidates/frame_000144.jpg,0.374281,0.763785,0.567369,0.549059,True,NONE,True
148,4.931356,video_20260825_154043.mp4,preprocessing/candidates/frame_000148.jpg,0.316997,0.761971,0.613273,0.539372,True,NONE,True
152,5.064644,video_20260825_154043.mp4,preprocessing/candidates/frame_000152.jpg,0.357483,0.765867,0.632288,0.562439,True,NONE,True
156,5.197922,video_20260825_154043.mp4,preprocessing/candidates/frame_000156.jpg,0.282332,0.774496,0.511779,0.498815,True,NONE,True
160,5.3312,video_20260825_154043.mp4,preprocessing/candidates/frame_000160.jpg,0.395118,0.774782,0.522865,0.547342,True,NONE,True
164,5.464478,video_20260825_154043.mp4,preprocessing/candidates/frame_000164.jpg,0.257305,0.769743,0.690731,0.541064,True,NONE,True
168,5.597756,video_20260825_154043.mp4,preprocessing/candidates/frame_000168.jpg,0.008179,0.7638,0.649782,0.427346,True,NONE,True
172,5.731044,video_20260825_154043.mp4,preprocessing/candidates/frame_000172.jpg,0.009049,0.747285,0.628459,0.416343,True,NONE,True
176,5.864322,video_20260825_154043.mp4,preprocessing/candidates/frame_000176.jpg,0.162091,0.752967,0.704442,0.502059,True,NONE,True
180,5.9976,video_20260825_154043.mp4,preprocessing/candidates/frame_000180.jpg,0.052946,0.753455,0.74957,0.472086,True,NONE,True
184,6.130878,video_20260825_154043.mp4,preprocessing/candidates/frame_000184.jpg,0.320241,0.755799,0.802779,0.59567,True,NONE,True
188,6.264156,video_20260825_154043.mp4,preprocessing/candidates/frame_000188.jpg,0.511464,0.75628,0.799314,0.671264,True,NONE,True
192,6.397444,video_20260825_154043.mp4,preprocessing/candidates/frame_000192.jpg,0.507359,0.755588,0.698094,0.639048,True,NONE,True
196,6.530722,video_20260825_154043.mp4,preprocessing/candidates/frame_000196.jpg,0.352216,0.757447,0.694369,0.576431,True,NONE,True
200,6.664,video_20260825_154043.mp4,preprocessing/candidates/frame_000200.jpg,0.575236,0.751235,0.722244,0.672138,True,NONE,True
204,6.797278,video_20260825_154043.mp4,preprocessing/candidates/frame_000204.jpg,0.666349,0.737589,0.605694,0.669525,True,NONE,True
208,6.930556,video_20260825_154043.mp4,preprocessing/candidates/frame_000208.jpg,0.154571,0.738451,0.501909,0.433936,True,NONE,True
212,7.063844,video_20260825_154043.mp4,preprocessing/candidates/frame_000212.jpg,0.059748,0.736046,0.552022,0.41032,True,NONE,True
216,7.197122,video_20260825_154043.mp4,preprocessing/candidates/frame_000216.jpg,0.144099,0.723286,0.665748,0.47435,True,NONE,True
220,7.3304,video_20260825_154043.mp4,preprocessing/candidates/frame_000220.jpg,0.629529,0.714112,0.632176,0.655698,True,NONE,True
224,7.463678,video_20260825_154043.mp4,preprocessing/candidates/frame_000224.jpg,0.353371,0.710281,0.684879,0.559897,True,NONE,True
228,7.596956,video_20260825_154043.mp4,preprocessing/candidates/frame_000228.jpg,0.471515,0.71298,0.825248,0.650074,True,NONE,True
232,7.730244,video_20260825_154043.mp4,preprocessing/candidates/frame_000232.jpg,0.432272,0.715928,0.835452,0.638323,True,NONE,True
236,7.863522,video_20260825_154043.mp4,preprocessing/candidates/frame_000236.jpg,0.094461,0.709828,0.841888,0.503299,True,NONE,True
240,7.9968,video_20260825_154043.mp4,preprocessing/candidates/frame_000240.jpg,0.350097,0.712253,0.873715,0.615829,True,NONE,True
244,8.130078,video_20260825_154043.mp4,preprocessing/candidates/frame_000244.jpg,0.58436,0.714735,0.890736,0.715385,True,NONE,True
248,8.263356,video_20260825_154043.mp4,preprocessing/candidates/frame_000248.jpg,0.627556,0.721493,0.868015,0.727875,True,NONE,True
252,8.396644,video_20260825_154043.mp4,preprocessing/candidates/frame_000252.jpg,0.659302,0.722771,0.793397,0.718571,True,NONE,True
256,8.529922,video_20260825_154043.mp4,preprocessing/candidates/frame_000256.jpg,0.511403,0.716961,0.749292,0.644437,True,NONE,True
260,8.6632,video_20260825_154043.mp4,preprocessing/candidates/frame_000260.jpg,0.236494,0.718616,0.610074,0.493205,True,NONE,True
264,8.796478,video_20260825_154043.mp4,preprocessing/candidates/frame_000264.jpg,0.139343,0.717529,0.547029,0.435105,True,NONE,True
268,8.929756,video_20260825_154043.mp4,preprocessing/candidates/frame_000268.jpg,0.553161,0.71987,0.593364,0.615235,True,NONE,True
272,9.063044,video_20260825_154043.mp4,preprocessing/candidates/frame_000272.jpg,0.583858,0.718909,0.64183,0.641765,True,NONE,True
276,9.196322,video_20260825_154043.mp4,preprocessing/candidates/frame_000276.jpg,0.13655,0.713669,0.820781,0.514955,True,NONE,True
280,9.3296,video_20260825_154043.mp4,preprocessing/candidates/frame_000280.jpg,0.553686,0.717118,0.856269,0.69349,True,NONE,True
284,9.462878,video_20260825_154043.mp4,preprocessing/candidates/frame_000284.jpg,0.440761,0.715067,0.768563,0.621393,True,NONE,True
288,9.596156,video_20260825_154043.mp4,preprocessing/candidates/frame_000288.jpg,0.337935,0.71808,0.818813,0.596242,True,NONE,True
292,9.729444,video_20260825_154043.mp4,preprocessing/candidates/frame_000292.jpg,0.33841,0.727599,0.822261,0.600322,True,NONE,True
296,9.862722,video_20260825_154043.mp4,preprocessing/candidates/frame_000296.jpg,0.303004,0.727302,0.744323,0.562689,True,NONE,True
300,9.996,video_20260825_154043.mp4,preprocessing/candidates/frame_000300.jpg,0.084433,0.7291,0.805805,0.494245,True,NONE,True
304,10.129278,video_20260825_154043.mp4,preprocessing/candidates/frame_000304.jpg,0.694914,0.73946,0.90783,0.772152,True,NONE,True
308,10.262556,video_20260825_154043.mp4,preprocessing/candidates/frame_000308.jpg,0.768548,0.74281,0.836549,0.781227,True,NONE,True
312,10.395844,video_20260825_154043.mp4,preprocessing/candidates/frame_000312.jpg,0.629928,0.747371,0.708543,0.688745,True,NONE,True
316,10.529122,video_20260825_154043.mp4,preprocessing/candidates/frame_000316.jpg,0.445012,0.739817,0.677322,0.603146,True,NONE,True
320,10.6624,video_20260825_154043.mp4,preprocessing/candidates/frame_000320.jpg,0.101862,0.740287,0.707328,0.475029,True,NONE,True
324,10.795678,video_20260825_154043.mp4,preprocessing/candidates/frame_000324.jpg,0.635829,0.738253,0.778865,0.709467,True,NONE,True
328,10.928956,video_20260825_154043.mp4,preprocessing/candidates/frame_000328.jpg,0.725789,0.73276,0.86878,0.770778,True,NONE,True
332,11.062244,video_20260825_154043.mp4,preprocessing/candidates/frame_000332.jpg,0.28367,0.74117,0.84039,0.587936,True,NONE,True
336,11.195522,video_20260825_154043.mp4,preprocessing/candidates/frame_000336.jpg,0.149299,0.742705,0.746216,0.506396,True,NONE,True
340,11.3288,video_20260825_154043.mp4,preprocessing/candidates/frame_000340.jpg,0.140841,0.736656,0.774277,0.509616,True,NONE,True
344,11.462078,video_20260825_154043.mp4,preprocessing/candidates/frame_000344.jpg,0.149913,0.741661,0.87183,0.544013,True,NONE,True
348,11.595356,video_20260825_154043.mp4,preprocessing/candidates/frame_000348.jpg,0.456416,0.741527,0.940022,0.687031,True,NONE,True
352,11.728644,video_20260825_154043.mp4,preprocessing/candidates/frame_000352.jpg,0.258508,0.750491,0.919722,0.604467,True,NONE,True
356,11.861922,video_20260825_154043.mp4,preprocessing/candidates/frame_000356.jpg,0.558807,0.757843,0.83239,0.700593,True,NONE,True
360,11.9952,video_20260825_154043.mp4,preprocessing/candidates/frame_000360.jpg,0.432172,0.761753,0.755806,0.628136,True,NONE,True
364,12.128478,video_20260825_154043.mp4,preprocessing/candidates/frame_000364.jpg,0.169579,0.754566,0.841725,0.546719,True,NONE,True
368,12.261756,video_20260825_154043.mp4,preprocessing/candidates/frame_000368.jpg,0.68778,0.757185,0.937516,0.783522,True,NONE,True
372,12.395044,video_20260825_154043.mp4,preprocessing/candidates/frame_000372.jpg,0.369894,0.763291,0.902291,0.647632,True,NONE,True
376,12.528322,video_20260825_154043.mp4,preprocessing/candidates/frame_000376.jpg,0.894171,0.7671,0.947119,0.871934,True,NONE,True
380,12.6616,video_20260825_154043.mp4,preprocessing/candidates/frame_000380.jpg,1.0,0.7648,1.0,0.92944,True,NONE,True
384,12.8282,video_20260825_154043.mp4,preprocessing/candidates/frame_000384.jpg,0.176437,0.768784,0.913491,0.575257,True,NONE,True
388,12.9948,video_20260825_154043.mp4,preprocessing/candidates/frame_000388.jpg,0.343461,0.773895,0.867321,0.629749,True,NONE,True
392,13.128078,video_20260825_154043.mp4,preprocessing/candidates/frame_000392.jpg,0.244861,0.77223,0.775467,0.562254,True,NONE,True
396,13.261356,video_20260825_154043.mp4,preprocessing/candidates/frame_000396.jpg,0.500772,0.769229,0.733462,0.651116,True,NONE,True
400,13.394644,video_20260825_154043.mp4,preprocessing/candidates/frame_000400.jpg,0.19046,0.782242,0.855579,0.56753,True,NONE,True
404,13.527922,video_20260825_154043.mp4,preprocessing/candidates/frame_000404.jpg,0.192688,0.779255,0.909303,0.583643,True,NONE,True
408,13.6612,video_20260825_154043.mp4,preprocessing/candidates/frame_000408.jpg,0.165067,0.780387,0.793868,0.538303,True,NONE,True
412,13.794478,video_20260825_154043.mp4,preprocessing/candidates/frame_000412.jpg,0.333942,0.761548,0.641989,0.554638,True,NONE,True
416,13.927756,video_20260825_154043.mp4,preprocessing/candidates/frame_000416.jpg,0.543603,0.762118,0.489462,0.592915,True,NONE,True
420,14.061044,video_20260825_154043.mp4,preprocessing/candidates/frame_000420.jpg,0.314762,0.76398,0.451553,0.490565,True,NONE,True
424,14.194322,video_20260825_154043.mp4,preprocessing/candidates/frame_000424.jpg,0.305307,0.762588,0.674887,0.553365,True,NONE,True
428,14.3276,video_20260825_154043.mp4,preprocessing/candidates/frame_000428.jpg,0.209594,0.761944,0.777688,0.545727,True,NONE,True
432,14.460878,video_20260825_154043.mp4,preprocessing/candidates/frame_000432.jpg,0.262852,0.766183,0.67282,0.536842,True,NONE,True
436,14.594156,video_20260825_154043.mp4,preprocessing/candidates/frame_000436.jpg,0.074125,0.77288,0.720749,0.477738,True,NONE,True
440,14.727444,video_20260825_154043.mp4,preprocessing/candidates/frame_000440.jpg,0.825177,0.78097,0.827776,0.812695,True,NONE,True
444,14.860722,video_20260825_154043.mp4,preprocessing/candidates/frame_000444.jpg,0.717455,0.779111,0.832265,0.770395,True,NONE,True
448,14.994,video_20260825_154043.mp4,preprocessing/candidates/frame_000448.jpg,0.537803,0.774982,0.78692,0.683692,True,NONE,True
452,15.127278,video_20260825_154043.mp4,preprocessing/candidates/frame_000452.jpg,0.551643,0.775228,0.615898,0.637995,True,NONE,True
456,15.260556,video_20260825_154043.mp4,preprocessing/candidates/frame_000456.jpg,0.719918,0.775506,0.599955,0.700606,True,NONE,True
460,15.393844,video_20260825_154043.mp4,preprocessing/candidates/frame_000460.jpg,0.463527,0.775978,0.752508,0.643957,True,NONE,True
464,15.527122,video_20260825_154043.mp4,preprocessing/candidates/frame_000464.jpg,0.563071,0.775313,0.817278,0.703006,True,NONE,True
468,15.6604,video_20260825_154043.mp4,preprocessing/candidates/frame_000468.jpg,0.454064,0.776259,0.808089,0.65693,True,NONE,True
472,15.793678,video_20260825_154043.mp4,preprocessing/candidates/frame_000472.jpg,0.836658,0.775307,0.71739,0.782472,True,NONE,True
476,15.926956,video_20260825_154043.mp4,preprocessing/candidates/frame_000476.jpg,0.660279,0.774863,0.716872,0.711632,True,NONE,True
480,16.060244,video_20260825_154043.mp4,preprocessing/candidates/frame_000480.jpg,0.696103,0.772144,0.775458,0.742722,True,NONE,True
